bundleID,paxpercar,total_dark_time,flashing_lights,theme,total_time,ghost_touch,no_phone_zone,avg_rating
0,4,0,Yes,Pumpkin_Terror,120,Yes,Yes,5.45504562401305
1,4,0,Yes,Pumpkin_Terror,120,Yes,No,4.35448222697373
2,4,0,Yes,Pumpkin_Terror,120,No,Yes,5.18659412125497
3,4,0,Yes,Pumpkin_Terror,120,No,No,9.28272117669911
4,4,0,Yes,Pumpkin_Terror,240,Yes,Yes,5.20507207227068
5,4,0,Yes,Pumpkin_Terror,240,Yes,No,5.37669812069358
6,4,0,Yes,Pumpkin_Terror,240,No,Yes,5.50935184029895
7,4,0,Yes,Pumpkin_Terror,240,No,No,9.40185022975197
8,4,0,Yes,Pumpkin_Terror,420,Yes,Yes,3.74009032716782
9,4,0,Yes,Pumpkin_Terror,420,Yes,No,3.48564044724886
10,4,0,Yes,Pumpkin_Terror,420,No,Yes,7.23487415903673
11,4,0,Yes,Pumpkin_Terror,420,No,No,5.73404182009845
12,4,0,Yes,Prison,120,Yes,Yes,3.37551872295024
13,4,0,Yes,Prison,120,Yes,No,2.87386026379813
14,4,0,Yes,Prison,120,No,Yes,8.93980993432317
15,4,0,Yes,Prison,120,No,No,9.4410484705701
16,4,0,Yes,Prison,240,Yes,Yes,3.37193122658994
17,4,0,Yes,Prison,240,Yes,No,2.97083765454844
18,4,0,Yes,Prison,240,No,Yes,8.45375509413937
19,4,0,Yes,Prison,240,No,No,5.02874561555358
20,4,0,Yes,Prison,420,Yes,Yes,4.4029088814138
21,4,0,Yes,Prison,420,Yes,No,5.75152230117595
22,4,0,Yes,Prison,420,No,Yes,9.93710352508386
23,4,0,Yes,Prison,420,No,No,4.41105921628044
24,4,0,Yes,Zombie Apocalypse,120,Yes,Yes,7.17618718753572
25,4,0,Yes,Zombie Apocalypse,120,Yes,No,3.7540437207244
26,4,0,Yes,Zombie Apocalypse,120,No,Yes,5.69584617689439
27,4,0,Yes,Zombie Apocalypse,120,No,No,7.71464270274809
28,4,0,Yes,Zombie Apocalypse,240,Yes,Yes,3.52717762692679
29,4,0,Yes,Zombie Apocalypse,240,Yes,No,3.8255434619002
30,4,0,Yes,Zombie Apocalypse,240,No,Yes,9.19538607957389
31,4,0,Yes,Zombie Apocalypse,240,No,No,8.13285001501574
32,4,0,Yes,Zombie Apocalypse,420,Yes,Yes,4.05165978302408
33,4,0,Yes,Zombie Apocalypse,420,Yes,No,2.4379547781956
34,4,0,Yes,Zombie Apocalypse,420,No,Yes,4.05217871788877
35,4,0,Yes,Zombie Apocalypse,420,No,No,9.25367445276808
36,4,0,Yes,Vampire,120,Yes,Yes,3.59671546090254
37,4,0,Yes,Vampire,120,Yes,No,3.12780207501072
38,4,0,Yes,Vampire,120,No,Yes,9.95807318740821
39,4,0,Yes,Vampire,120,No,No,7.37305664921476
40,4,0,Yes,Vampire,240,Yes,Yes,4.78316150385175
41,4,0,Yes,Vampire,240,Yes,No,5.43086457717239
42,4,0,Yes,Vampire,240,No,Yes,9.26700316263062
43,4,0,Yes,Vampire,240,No,No,9.97217644085727
44,4,0,Yes,Vampire,420,Yes,Yes,2.54476031482618
45,4,0,Yes,Vampire,420,Yes,No,8.11494460601685
46,4,0,Yes,Vampire,420,No,Yes,5.29038009842119
47,4,0,Yes,Vampire,420,No,No,8.17929530839103
48,4,0,No,Pumpkin_Terror,120,Yes,Yes,5.14049978114826
49,4,0,No,Pumpkin_Terror,120,Yes,No,3.65863659381852
50,4,0,No,Pumpkin_Terror,120,No,Yes,8.22077508769067
51,4,0,No,Pumpkin_Terror,120,No,No,6.3275676362903
52,4,0,No,Pumpkin_Terror,240,Yes,Yes,1.86124522100552
53,4,0,No,Pumpkin_Terror,240,Yes,No,3.73933607825923
54,4,0,No,Pumpkin_Terror,240,No,Yes,9.58076315314316
55,4,0,No,Pumpkin_Terror,240,No,No,5.79763835117503
56,4,0,No,Pumpkin_Terror,420,Yes,Yes,2.06182544896792
57,4,0,No,Pumpkin_Terror,420,Yes,No,5.83603940832792
58,4,0,No,Pumpkin_Terror,420,No,Yes,5.83678187624439
59,4,0,No,Pumpkin_Terror,420,No,No,6.18053653176986
60,4,0,No,Prison,120,Yes,Yes,3.20490571177324
61,4,0,No,Prison,120,Yes,No,3.32598539639599
62,4,0,No,Prison,120,No,Yes,7.65439363961165
63,4,0,No,Prison,120,No,No,6.98837709337014
64,4,0,No,Prison,240,Yes,Yes,2.54828338454503
65,4,0,No,Prison,240,Yes,No,6.33309834363431
66,4,0,No,Prison,240,No,Yes,8.79641293452
67,4,0,No,Prison,240,No,No,6.33798849238786
68,4,0,No,Prison,420,Yes,Yes,1.86124522100552
69,4,0,No,Prison,420,Yes,No,2.67561986923761
70,4,0,No,Prison,420,No,Yes,4.39964696847877
71,4,0,No,Prison,420,No,No,7.23926308079846
72,4,0,No,Zombie Apocalypse,120,Yes,Yes,3.29395091016171
73,4,0,No,Zombie Apocalypse,120,Yes,No,1.86124522100552
74,4,0,No,Zombie Apocalypse,120,No,Yes,6.8988548880455
75,4,0,No,Zombie Apocalypse,120,No,No,8.5257983716627
76,4,0,No,Zombie Apocalypse,240,Yes,Yes,3.65683500149039
77,4,0,No,Zombie Apocalypse,240,Yes,No,1.86124522100552
78,4,0,No,Zombie Apocalypse,240,No,Yes,4.32924614888922
79,4,0,No,Zombie Apocalypse,240,No,No,9.3459076989012
80,4,0,No,Zombie Apocalypse,420,Yes,Yes,2.38112346425791
81,4,0,No,Zombie Apocalypse,420,Yes,No,2.01567054091852
82,4,0,No,Zombie Apocalypse,420,No,Yes,4.65001202410941
83,4,0,No,Zombie Apocalypse,420,No,No,6.86939549252611
84,4,0,No,Vampire,120,Yes,Yes,1.86124522100552
85,4,0,No,Vampire,120,Yes,No,1.86124522100552
86,4,0,No,Vampire,120,No,Yes,5.31175324201154
87,4,0,No,Vampire,120,No,No,6.7616503148302
88,4,0,No,Vampire,240,Yes,Yes,2.32986190393063
89,4,0,No,Vampire,240,Yes,No,5.44493669581802
90,4,0,No,Vampire,240,No,Yes,9.4456445676225
91,4,0,No,Vampire,240,No,No,6.97494979860084
92,4,0,No,Vampire,420,Yes,Yes,5.8146460023478
93,4,0,No,Vampire,420,Yes,No,2.79104562903042
94,4,0,No,Vampire,420,No,Yes,6.66219385792306
95,4,0,No,Vampire,420,No,No,9.39321436481415
96,4,7,Yes,Pumpkin_Terror,120,Yes,Yes,5.83297252088795
97,4,7,Yes,Pumpkin_Terror,120,Yes,No,5.24878551812885
98,4,7,Yes,Pumpkin_Terror,120,No,Yes,4.07344645971666
99,4,7,Yes,Pumpkin_Terror,120,No,No,7.54626985979723
100,4,7,Yes,Pumpkin_Terror,240,Yes,Yes,4.30500770037889
101,4,7,Yes,Pumpkin_Terror,240,Yes,No,5.48339432404635
102,4,7,Yes,Pumpkin_Terror,240,No,Yes,5.97636486621509
103,4,7,Yes,Pumpkin_Terror,240,No,No,9.27119185466264
104,4,7,Yes,Pumpkin_Terror,420,Yes,Yes,4.29446359303259
105,4,7,Yes,Pumpkin_Terror,420,Yes,No,6.55578323511287
106,4,7,Yes,Pumpkin_Terror,420,No,Yes,7.89544171864446
107,4,7,Yes,Pumpkin_Terror,420,No,No,7.02170501175183
108,4,7,Yes,Prison,120,Yes,Yes,1.86124522100552
109,4,7,Yes,Prison,120,Yes,No,1.86124522100552
110,4,7,Yes,Prison,120,No,Yes,8.82162902076907
111,4,7,Yes,Prison,120,No,No,5.82461796392785
112,4,7,Yes,Prison,240,Yes,Yes,3.57111358753208
113,4,7,Yes,Prison,240,Yes,No,3.83597099196413
114,4,7,Yes,Prison,240,No,Yes,7.65399977651237
115,4,7,Yes,Prison,240,No,No,5.17462318375666
116,4,7,Yes,Prison,420,Yes,Yes,3.44348836440026
117,4,7,Yes,Prison,420,Yes,No,3.94408746210122
118,4,7,Yes,Prison,420,No,Yes,9.06321361663784
119,4,7,Yes,Prison,420,No,No,5.20253368603398
120,4,7,Yes,Zombie Apocalypse,120,Yes,Yes,6.78072841110655
121,4,7,Yes,Zombie Apocalypse,120,Yes,No,5.83684222827411
122,4,7,Yes,Zombie Apocalypse,120,No,Yes,6.55462213014652
123,4,7,Yes,Zombie Apocalypse,120,No,No,6.4190381760906
124,4,7,Yes,Zombie Apocalypse,240,Yes,Yes,2.69586550318371
125,4,7,Yes,Zombie Apocalypse,240,Yes,No,7.40053212947524
126,4,7,Yes,Zombie Apocalypse,240,No,Yes,9.16071088353407
127,4,7,Yes,Zombie Apocalypse,240,No,No,9.84766437976231
128,4,7,Yes,Zombie Apocalypse,420,Yes,Yes,4.02485674870393
129,4,7,Yes,Zombie Apocalypse,420,Yes,No,4.99199999895276
130,4,7,Yes,Zombie Apocalypse,420,No,Yes,8.07690850978165
131,4,7,Yes,Zombie Apocalypse,420,No,No,4.39132187309953
132,4,7,Yes,Vampire,120,Yes,Yes,7.52165325036963
133,4,7,Yes,Vampire,120,Yes,No,4.1231719081558
134,4,7,Yes,Vampire,120,No,Yes,4.96710627687426
135,4,7,Yes,Vampire,120,No,No,9.1990003173843
136,4,7,Yes,Vampire,240,Yes,Yes,3.53685384831477
137,4,7,Yes,Vampire,240,Yes,No,3.82770844241417
138,4,7,Yes,Vampire,240,No,Yes,7.47917062705345
139,4,7,Yes,Vampire,240,No,No,7.93091556927959
140,4,7,Yes,Vampire,420,Yes,Yes,7.32178294262815
141,4,7,Yes,Vampire,420,Yes,No,5.09307074319058
142,4,7,Yes,Vampire,420,No,Yes,5.44132486338369
143,4,7,Yes,Vampire,420,No,No,7.34199617851318
144,4,7,No,Pumpkin_Terror,120,Yes,Yes,6.05462962789807
145,4,7,No,Pumpkin_Terror,120,Yes,No,2.4524662579314
146,4,7,No,Pumpkin_Terror,120,No,Yes,3.77809108984763
147,4,7,No,Pumpkin_Terror,120,No,No,5.48950811908803
148,4,7,No,Pumpkin_Terror,240,Yes,Yes,4.78437562013393
149,4,7,No,Pumpkin_Terror,240,Yes,No,6.45348692733945
150,4,7,No,Pumpkin_Terror,240,No,Yes,4.90635170271651
151,4,7,No,Pumpkin_Terror,240,No,No,4.4690932573686
152,4,7,No,Pumpkin_Terror,420,Yes,Yes,3.61084988957566
153,4,7,No,Pumpkin_Terror,420,Yes,No,5.08859378964289
154,4,7,No,Pumpkin_Terror,420,No,Yes,6.10101930781064
155,4,7,No,Pumpkin_Terror,420,No,No,7.82706064631654
156,4,7,No,Prison,120,Yes,Yes,1.86124522100552
157,4,7,No,Prison,120,Yes,No,2.69681417392333
158,4,7,No,Prison,120,No,Yes,4.24512693033888
159,4,7,No,Prison,120,No,No,8.88109499827537
160,4,7,No,Prison,240,Yes,Yes,2.69155595603753
161,4,7,No,Prison,240,Yes,No,2.93121930241132
162,4,7,No,Prison,240,No,Yes,6.35774347808875
163,4,7,No,Prison,240,No,No,6.96872850774856
164,4,7,No,Prison,420,Yes,Yes,3.74037473835994
165,4,7,No,Prison,420,Yes,No,3.6078476121023
166,4,7,No,Prison,420,No,Yes,6.58875632123306
167,4,7,No,Prison,420,No,No,3.44807344070744
168,4,7,No,Zombie Apocalypse,120,Yes,Yes,1.86124522100552
169,4,7,No,Zombie Apocalypse,120,Yes,No,5.1950675509362
170,4,7,No,Zombie Apocalypse,120,No,Yes,6.36287228470827
171,4,7,No,Zombie Apocalypse,120,No,No,6.54101580348937
172,4,7,No,Zombie Apocalypse,240,Yes,Yes,5.10037448299579
173,4,7,No,Zombie Apocalypse,240,Yes,No,5.55894085039933
174,4,7,No,Zombie Apocalypse,240,No,Yes,3.16008181370242
175,4,7,No,Zombie Apocalypse,240,No,No,6.1582716347227
176,4,7,No,Zombie Apocalypse,420,Yes,Yes,1.86124522100552
177,4,7,No,Zombie Apocalypse,420,Yes,No,4.06751788020613
178,4,7,No,Zombie Apocalypse,420,No,Yes,7.38000919679834
179,4,7,No,Zombie Apocalypse,420,No,No,7.13054848305148
180,4,7,No,Vampire,120,Yes,Yes,5.65850265926332
181,4,7,No,Vampire,120,Yes,No,5.3119546635698
182,4,7,No,Vampire,120,No,Yes,8.9565085335643
183,4,7,No,Vampire,120,No,No,8.61194468962052
184,4,7,No,Vampire,240,Yes,Yes,6.15190409978288
185,4,7,No,Vampire,240,Yes,No,4.74054821274878
186,4,7,No,Vampire,240,No,Yes,7.26114638246344
187,4,7,No,Vampire,240,No,No,5.17462318375666
188,4,7,No,Vampire,420,Yes,Yes,4.28638989506902
189,4,7,No,Vampire,420,Yes,No,3.702596091812
190,4,7,No,Vampire,420,No,Yes,7.02288572456379
191,4,7,No,Vampire,420,No,No,6.4734432098663
192,4,12,Yes,Pumpkin_Terror,120,Yes,Yes,1.86124522100552
193,4,12,Yes,Pumpkin_Terror,120,Yes,No,2.4379547781956
194,4,12,Yes,Pumpkin_Terror,120,No,Yes,6.38721599937078
195,4,12,Yes,Pumpkin_Terror,120,No,No,6.27318639230464
196,4,12,Yes,Pumpkin_Terror,240,Yes,Yes,3.65359289494582
197,4,12,Yes,Pumpkin_Terror,240,Yes,No,6.63569753121496
198,4,12,Yes,Pumpkin_Terror,240,No,Yes,7.53402404958641
199,4,12,Yes,Pumpkin_Terror,240,No,No,2.47170087111931
200,4,12,Yes,Pumpkin_Terror,420,Yes,Yes,1.86124522100552
201,4,12,Yes,Pumpkin_Terror,420,Yes,No,2.1728981833757
202,4,12,Yes,Pumpkin_Terror,420,No,Yes,4.5675951874036
203,4,12,Yes,Pumpkin_Terror,420,No,No,4.46805594737779
204,4,12,Yes,Prison,120,Yes,Yes,2.53477492224247
205,4,12,Yes,Prison,120,Yes,No,6.90635522225362
206,4,12,Yes,Prison,120,No,Yes,4.29423159037616
207,4,12,Yes,Prison,120,No,No,5.30612746697348
208,4,12,Yes,Prison,240,Yes,Yes,5.11028187111617
209,4,12,Yes,Prison,240,Yes,No,3.28253492100237
210,4,12,Yes,Prison,240,No,Yes,5.62476663873934
211,4,12,Yes,Prison,240,No,No,5.71241098625951
212,4,12,Yes,Prison,420,Yes,Yes,1.86124522100552
213,4,12,Yes,Prison,420,Yes,No,2.80372473554759
214,4,12,Yes,Prison,420,No,Yes,6.61969127261128
215,4,12,Yes,Prison,420,No,No,6.72305044332882
216,4,12,Yes,Zombie Apocalypse,120,Yes,Yes,6.46661409423172
217,4,12,Yes,Zombie Apocalypse,120,Yes,No,5.35223146253499
218,4,12,Yes,Zombie Apocalypse,120,No,Yes,5.73538836398235
219,4,12,Yes,Zombie Apocalypse,120,No,No,6.95311415681186
220,4,12,Yes,Zombie Apocalypse,240,Yes,Yes,5.22576193871387
221,4,12,Yes,Zombie Apocalypse,240,Yes,No,5.49343143896604
222,4,12,Yes,Zombie Apocalypse,240,No,Yes,6.36751137689497
223,4,12,Yes,Zombie Apocalypse,240,No,No,5.17462318375666
224,4,12,Yes,Zombie Apocalypse,420,Yes,Yes,1.86124522100552
225,4,12,Yes,Zombie Apocalypse,420,Yes,No,3.79807355900863
226,4,12,Yes,Zombie Apocalypse,420,No,Yes,6.03484184334411
227,4,12,Yes,Zombie Apocalypse,420,No,No,4.19237114034257
228,4,12,Yes,Vampire,120,Yes,Yes,4.85513076400835
229,4,12,Yes,Vampire,120,Yes,No,1.86124522100552
230,4,12,Yes,Vampire,120,No,Yes,8.37043987611876
231,4,12,Yes,Vampire,120,No,No,7.85989471805395
232,4,12,Yes,Vampire,240,Yes,Yes,2.00884998882228
233,4,12,Yes,Vampire,240,Yes,No,8.2799012789561
234,4,12,Yes,Vampire,240,No,Yes,6.89093135770376
235,4,12,Yes,Vampire,240,No,No,5.17462318375666
236,4,12,Yes,Vampire,420,Yes,Yes,3.38673750861456
237,4,12,Yes,Vampire,420,Yes,No,4.57520721634744
238,4,12,Yes,Vampire,420,No,Yes,7.86954125106002
239,4,12,Yes,Vampire,420,No,No,9.45707300275469
240,4,12,No,Pumpkin_Terror,120,Yes,Yes,1.86124522100552
241,4,12,No,Pumpkin_Terror,120,Yes,No,1.86124522100552
242,4,12,No,Pumpkin_Terror,120,No,Yes,3.19167057249478
243,4,12,No,Pumpkin_Terror,120,No,No,7.49563552669598
244,4,12,No,Pumpkin_Terror,240,Yes,Yes,1.86124522100552
245,4,12,No,Pumpkin_Terror,240,Yes,No,4.0436447388891
246,4,12,No,Pumpkin_Terror,240,No,Yes,3.8568966295128
247,4,12,No,Pumpkin_Terror,240,No,No,6.82842096262315
248,4,12,No,Pumpkin_Terror,420,Yes,Yes,1.86124522100552
249,4,12,No,Pumpkin_Terror,420,Yes,No,1.86124522100552
250,4,12,No,Pumpkin_Terror,420,No,Yes,8.43439135561178
251,4,12,No,Pumpkin_Terror,420,No,No,9.04423328977855
252,4,12,No,Prison,120,Yes,Yes,1.86124522100552
253,4,12,No,Prison,120,Yes,No,1.86124522100552
254,4,12,No,Prison,120,No,Yes,5.18096161482288
255,4,12,No,Prison,120,No,No,6.16557506132288
256,4,12,No,Prison,240,Yes,Yes,1.86124522100552
257,4,12,No,Prison,240,Yes,No,1.86124522100552
258,4,12,No,Prison,240,No,Yes,7.12253393190028
259,4,12,No,Prison,240,No,No,5.29251608999259
260,4,12,No,Prison,420,Yes,Yes,4.28018109656073
261,4,12,No,Prison,420,Yes,No,6.01072907393037
262,4,12,No,Prison,420,No,Yes,5.31819508626939
263,4,12,No,Prison,420,No,No,7.39164939060738
264,4,12,No,Zombie Apocalypse,120,Yes,Yes,5.65941270229858
265,4,12,No,Zombie Apocalypse,120,Yes,No,3.32739694511044
266,4,12,No,Zombie Apocalypse,120,No,Yes,6.88981433113485
267,4,12,No,Zombie Apocalypse,120,No,No,5.85035204067339
268,4,12,No,Zombie Apocalypse,240,Yes,Yes,1.86124522100552
269,4,12,No,Zombie Apocalypse,240,Yes,No,2.86401931992113
270,4,12,No,Zombie Apocalypse,240,No,Yes,9.0814698847369
271,4,12,No,Zombie Apocalypse,240,No,No,8.18277861608598
272,4,12,No,Zombie Apocalypse,420,Yes,Yes,1.86124522100552
273,4,12,No,Zombie Apocalypse,420,Yes,No,1.86124522100552
274,4,12,No,Zombie Apocalypse,420,No,Yes,5.26300919177123
275,4,12,No,Zombie Apocalypse,420,No,No,3.6908151828769
276,4,12,No,Vampire,120,Yes,Yes,4.7638726856608
277,4,12,No,Vampire,120,Yes,No,3.8511855846023
278,4,12,No,Vampire,120,No,Yes,6.43318262865758
279,4,12,No,Vampire,120,No,No,3.81023114967653
280,4,12,No,Vampire,240,Yes,Yes,3.01728512198001
281,4,12,No,Vampire,240,Yes,No,5.27427051774627
282,4,12,No,Vampire,240,No,Yes,8.77596099661951
283,4,12,No,Vampire,240,No,No,4.86816236870516
284,4,12,No,Vampire,420,Yes,Yes,2.48435096774382
285,4,12,No,Vampire,420,Yes,No,6.03951527809895
286,4,12,No,Vampire,420,No,Yes,6.16397245615138
287,4,12,No,Vampire,420,No,No,3.20536390677158
288,8,0,Yes,Pumpkin_Terror,120,Yes,Yes,5.29196274153839
289,8,0,Yes,Pumpkin_Terror,120,Yes,No,3.19238627330331
290,8,0,Yes,Pumpkin_Terror,120,No,Yes,9.49779006694515
291,8,0,Yes,Pumpkin_Terror,120,No,No,5.6559521150303
292,8,0,Yes,Pumpkin_Terror,240,Yes,Yes,4.41474686107191
293,8,0,Yes,Pumpkin_Terror,240,Yes,No,6.21967093876806
294,8,0,Yes,Pumpkin_Terror,240,No,Yes,5.17462318375666
295,8,0,Yes,Pumpkin_Terror,240,No,No,4.14868793346316
296,8,0,Yes,Pumpkin_Terror,420,Yes,Yes,2.80272903575087
297,8,0,Yes,Pumpkin_Terror,420,Yes,No,3.11665176498578
298,8,0,Yes,Pumpkin_Terror,420,No,Yes,6.87045793860347
299,8,0,Yes,Pumpkin_Terror,420,No,No,7.97881446442738
300,8,0,Yes,Prison,120,Yes,Yes,2.4379547781956
301,8,0,Yes,Prison,120,Yes,No,4.46135603448968
302,8,0,Yes,Prison,120,No,Yes,2.9504180631963
303,8,0,Yes,Prison,120,No,No,7.34864554599056
304,8,0,Yes,Prison,240,Yes,Yes,5.15836511519902
305,8,0,Yes,Prison,240,Yes,No,3.43913297922935
306,8,0,Yes,Prison,240,No,Yes,9.3051614742651
307,8,0,Yes,Prison,240,No,No,5.10551442370664
308,8,0,Yes,Prison,420,Yes,Yes,4.75895040190086
309,8,0,Yes,Prison,420,Yes,No,2.86338462359946
310,8,0,Yes,Prison,420,No,Yes,7.65301518910064
311,8,0,Yes,Prison,420,No,No,6.34630156773496
312,8,0,Yes,Zombie Apocalypse,120,Yes,Yes,3.57173258617138
313,8,0,Yes,Zombie Apocalypse,120,Yes,No,2.85547532572437
314,8,0,Yes,Zombie Apocalypse,120,No,Yes,3.33681676969725
315,8,0,Yes,Zombie Apocalypse,120,No,No,7.05229709646349
316,8,0,Yes,Zombie Apocalypse,240,Yes,Yes,6.43257116601843
317,8,0,Yes,Zombie Apocalypse,240,Yes,No,3.04646391696019
318,8,0,Yes,Zombie Apocalypse,240,No,Yes,5.61876367763968
319,8,0,Yes,Zombie Apocalypse,240,No,No,8.87299884535534
320,8,0,Yes,Zombie Apocalypse,420,Yes,Yes,2.44791900718551
321,8,0,Yes,Zombie Apocalypse,420,Yes,No,2.18422160054125
322,8,0,Yes,Zombie Apocalypse,420,No,Yes,6.55231183657292
323,8,0,Yes,Zombie Apocalypse,420,No,No,6.81644906333423
324,8,0,Yes,Vampire,120,Yes,Yes,4.09587471958622
325,8,0,Yes,Vampire,120,Yes,No,6.19585320173204
326,8,0,Yes,Vampire,120,No,Yes,7.34991387583297
327,8,0,Yes,Vampire,120,No,No,5.15641812791039
328,8,0,Yes,Vampire,240,Yes,Yes,4.67064346164131
329,8,0,Yes,Vampire,240,Yes,No,7.13122939740493
330,8,0,Yes,Vampire,240,No,Yes,8.87713426457921
331,8,0,Yes,Vampire,240,No,No,8.17432464067877
332,8,0,Yes,Vampire,420,Yes,Yes,3.65810415712524
333,8,0,Yes,Vampire,420,Yes,No,4.54172356906091
334,8,0,Yes,Vampire,420,No,Yes,3.22683681993208
335,8,0,Yes,Vampire,420,No,No,4.71736809378162
336,8,0,No,Pumpkin_Terror,120,Yes,Yes,1.86124522100552
337,8,0,No,Pumpkin_Terror,120,Yes,No,3.79462800435621
338,8,0,No,Pumpkin_Terror,120,No,Yes,4.09933314078638
339,8,0,No,Pumpkin_Terror,120,No,No,6.33026110866686
340,8,0,No,Pumpkin_Terror,240,Yes,Yes,4.06438216821209
341,8,0,No,Pumpkin_Terror,240,Yes,No,5.23606564617107
342,8,0,No,Pumpkin_Terror,240,No,Yes,6.76403915431989
343,8,0,No,Pumpkin_Terror,240,No,No,5.26824952616332
344,8,0,No,Pumpkin_Terror,420,Yes,Yes,4.12065958112213
345,8,0,No,Pumpkin_Terror,420,Yes,No,1.86124522100552
346,8,0,No,Pumpkin_Terror,420,No,Yes,7.36029199200336
347,8,0,No,Pumpkin_Terror,420,No,No,4.20471540002634
348,8,0,No,Prison,120,Yes,Yes,1.86124522100552
349,8,0,No,Prison,120,Yes,No,2.05170597782061
350,8,0,No,Prison,120,No,Yes,3.01548170827928
351,8,0,No,Prison,120,No,No,3.27208356589936
352,8,0,No,Prison,240,Yes,Yes,3.86176751735817
353,8,0,No,Prison,240,Yes,No,3.62756980774872
354,8,0,No,Prison,240,No,Yes,3.67581933164242
355,8,0,No,Prison,240,No,No,4.79898616015979
356,8,0,No,Prison,420,Yes,Yes,2.4379547781956
357,8,0,No,Prison,420,Yes,No,3.1951391977045
358,8,0,No,Prison,420,No,Yes,6.03705597387064
359,8,0,No,Prison,420,No,No,4.86640818504176
360,8,0,No,Zombie Apocalypse,120,Yes,Yes,3.08958525943544
361,8,0,No,Zombie Apocalypse,120,Yes,No,2.08430385381532
362,8,0,No,Zombie Apocalypse,120,No,Yes,3.18734340365113
363,8,0,No,Zombie Apocalypse,120,No,No,4.42316413031169
364,8,0,No,Zombie Apocalypse,240,Yes,Yes,1.86124522100552
365,8,0,No,Zombie Apocalypse,240,Yes,No,5.35748830160839
366,8,0,No,Zombie Apocalypse,240,No,Yes,4.9060233430567
367,8,0,No,Zombie Apocalypse,240,No,No,5.35279374389367
368,8,0,No,Zombie Apocalypse,420,Yes,Yes,1.86124522100552
369,8,0,No,Zombie Apocalypse,420,Yes,No,1.86124522100552
370,8,0,No,Zombie Apocalypse,420,No,Yes,8.24907085349879
371,8,0,No,Zombie Apocalypse,420,No,No,7.20591219359308
372,8,0,No,Vampire,120,Yes,Yes,3.650472190781
373,8,0,No,Vampire,120,Yes,No,1.86124522100552
374,8,0,No,Vampire,120,No,Yes,8.80405064093572
375,8,0,No,Vampire,120,No,No,5.67612727562729
376,8,0,No,Vampire,240,Yes,Yes,3.57976469550925
377,8,0,No,Vampire,240,Yes,No,3.261654464649
378,8,0,No,Vampire,240,No,Yes,7.59584739016406
379,8,0,No,Vampire,240,No,No,7.62317589995299
380,8,0,No,Vampire,420,Yes,Yes,2.6017963598435
381,8,0,No,Vampire,420,Yes,No,5.75721016904582
382,8,0,No,Vampire,420,No,Yes,4.87221075769977
383,8,0,No,Vampire,420,No,No,9.88349085877891
384,8,7,Yes,Pumpkin_Terror,120,Yes,Yes,3.13460090462988
385,8,7,Yes,Pumpkin_Terror,120,Yes,No,2.49075697636513
386,8,7,Yes,Pumpkin_Terror,120,No,Yes,4.14228901446652
387,8,7,Yes,Pumpkin_Terror,120,No,No,6.62703929424305
388,8,7,Yes,Pumpkin_Terror,240,Yes,Yes,5.87346399390872
389,8,7,Yes,Pumpkin_Terror,240,Yes,No,4.92604642076368
390,8,7,Yes,Pumpkin_Terror,240,No,Yes,2.44520762720728
391,8,7,Yes,Pumpkin_Terror,240,No,No,7.7191756631628
392,8,7,Yes,Pumpkin_Terror,420,Yes,Yes,2.00706733386622
393,8,7,Yes,Pumpkin_Terror,420,Yes,No,3.0058655734826
394,8,7,Yes,Pumpkin_Terror,420,No,Yes,8.82389143958362
395,8,7,Yes,Pumpkin_Terror,420,No,No,6.94247006801553
396,8,7,Yes,Prison,120,Yes,Yes,1.86124522100552
397,8,7,Yes,Prison,120,Yes,No,1.86124522100552
398,8,7,Yes,Prison,120,No,Yes,7.10319607418194
399,8,7,Yes,Prison,120,No,No,5.73216375011384
400,8,7,Yes,Prison,240,Yes,Yes,3.3444136363521
401,8,7,Yes,Prison,240,Yes,No,4.42343237769843
402,8,7,Yes,Prison,240,No,Yes,5.08432277717845
403,8,7,Yes,Prison,240,No,No,5.1318909518017
404,8,7,Yes,Prison,420,Yes,Yes,1.86124522100552
405,8,7,Yes,Prison,420,Yes,No,2.76929383062586
406,8,7,Yes,Prison,420,No,Yes,5.60650483333159
407,8,7,Yes,Prison,420,No,No,5.12748855751717
408,8,7,Yes,Zombie Apocalypse,120,Yes,Yes,2.82441374661833
409,8,7,Yes,Zombie Apocalypse,120,Yes,No,4.07756682012285
410,8,7,Yes,Zombie Apocalypse,120,No,Yes,8.20717649688907
411,8,7,Yes,Zombie Apocalypse,120,No,No,2.04043556196526
412,8,7,Yes,Zombie Apocalypse,240,Yes,Yes,3.02976972263688
413,8,7,Yes,Zombie Apocalypse,240,Yes,No,5.34938759588336
414,8,7,Yes,Zombie Apocalypse,240,No,Yes,6.68199543583068
415,8,7,Yes,Zombie Apocalypse,240,No,No,8.00449108527619
416,8,7,Yes,Zombie Apocalypse,420,Yes,Yes,4.55360350180837
417,8,7,Yes,Zombie Apocalypse,420,Yes,No,2.69280276391001
418,8,7,Yes,Zombie Apocalypse,420,No,Yes,7.13749723230489
419,8,7,Yes,Zombie Apocalypse,420,No,No,8.65745611947943
420,8,7,Yes,Vampire,120,Yes,Yes,4.60072756547151
421,8,7,Yes,Vampire,120,Yes,No,5.63344413644248
422,8,7,Yes,Vampire,120,No,Yes,3.82570399110053
423,8,7,Yes,Vampire,120,No,No,3.96516153324837
424,8,7,Yes,Vampire,240,Yes,Yes,4.12961715029373
425,8,7,Yes,Vampire,240,Yes,No,6.46614542194931
426,8,7,Yes,Vampire,240,No,Yes,9.33618936560905
427,8,7,Yes,Vampire,240,No,No,7.8290172701546
428,8,7,Yes,Vampire,420,Yes,Yes,3.87473843318815
429,8,7,Yes,Vampire,420,Yes,No,3.11286179280256
430,8,7,Yes,Vampire,420,No,Yes,8.83665941897802
431,8,7,Yes,Vampire,420,No,No,8.15473723339775
432,8,7,No,Pumpkin_Terror,120,Yes,Yes,2.4379547781956
433,8,7,No,Pumpkin_Terror,120,Yes,No,1.86124522100552
434,8,7,No,Pumpkin_Terror,120,No,Yes,3.11842788194056
435,8,7,No,Pumpkin_Terror,120,No,No,6.99774723980217
436,8,7,No,Pumpkin_Terror,240,Yes,Yes,4.89394317963293
437,8,7,No,Pumpkin_Terror,240,Yes,No,3.28228890231748
438,8,7,No,Pumpkin_Terror,240,No,Yes,7.01599135775046
439,8,7,No,Pumpkin_Terror,240,No,No,5.1570786105792
440,8,7,No,Pumpkin_Terror,420,Yes,Yes,2.42269045327123
441,8,7,No,Pumpkin_Terror,420,Yes,No,3.63440689323569
442,8,7,No,Pumpkin_Terror,420,No,Yes,6.8348238550845
443,8,7,No,Pumpkin_Terror,420,No,No,6.11510481473483
444,8,7,No,Prison,120,Yes,Yes,1.86124522100552
445,8,7,No,Prison,120,Yes,No,2.90477643199963
446,8,7,No,Prison,120,No,Yes,4.79822223360512
447,8,7,No,Prison,120,No,No,3.16172647769306
448,8,7,No,Prison,240,Yes,Yes,3.27273002753011
449,8,7,No,Prison,240,Yes,No,3.15547049087612
450,8,7,No,Prison,240,No,Yes,7.44384897965667
451,8,7,No,Prison,240,No,No,3.63927492073272
452,8,7,No,Prison,420,Yes,Yes,2.4379547781956
453,8,7,No,Prison,420,Yes,No,2.93049542762456
454,8,7,No,Prison,420,No,Yes,5.54529644364372
455,8,7,No,Prison,420,No,No,5.31591944143935
456,8,7,No,Zombie Apocalypse,120,Yes,Yes,3.43437965199228
457,8,7,No,Zombie Apocalypse,120,Yes,No,4.97739844919229
458,8,7,No,Zombie Apocalypse,120,No,Yes,6.59381013194441
459,8,7,No,Zombie Apocalypse,120,No,No,1.86124522100552
460,8,7,No,Zombie Apocalypse,240,Yes,Yes,3.84848425262382
461,8,7,No,Zombie Apocalypse,240,Yes,No,1.86124522100552
462,8,7,No,Zombie Apocalypse,240,No,Yes,6.22520615445025
463,8,7,No,Zombie Apocalypse,240,No,No,7.39347445460194
464,8,7,No,Zombie Apocalypse,420,Yes,Yes,2.4379547781956
465,8,7,No,Zombie Apocalypse,420,Yes,No,2.4379547781956
466,8,7,No,Zombie Apocalypse,420,No,Yes,7.08291488492842
467,8,7,No,Zombie Apocalypse,420,No,No,5.73588228241061
468,8,7,No,Vampire,120,Yes,Yes,4.07227156628557
469,8,7,No,Vampire,120,Yes,No,4.67958185195686
470,8,7,No,Vampire,120,No,Yes,3.69641406267246
471,8,7,No,Vampire,120,No,No,6.41401030891287
472,8,7,No,Vampire,240,Yes,Yes,5.81620706179328
473,8,7,No,Vampire,240,Yes,No,4.53869686299922
474,8,7,No,Vampire,240,No,Yes,6.11482873175149
475,8,7,No,Vampire,240,No,No,9.19604398241214
476,8,7,No,Vampire,420,Yes,Yes,4.72849754076156
477,8,7,No,Vampire,420,Yes,No,4.55179238784417
478,8,7,No,Vampire,420,No,Yes,9.25670556705174
479,8,7,No,Vampire,420,No,No,5.47419907490679
480,8,12,Yes,Pumpkin_Terror,120,Yes,Yes,2.12166091399959
481,8,12,Yes,Pumpkin_Terror,120,Yes,No,5.26457266000091
482,8,12,Yes,Pumpkin_Terror,120,No,Yes,5.22919580680869
483,8,12,Yes,Pumpkin_Terror,120,No,No,3.65348440633066
484,8,12,Yes,Pumpkin_Terror,240,Yes,Yes,3.50343760145017
485,8,12,Yes,Pumpkin_Terror,240,Yes,No,4.07127122603559
486,8,12,Yes,Pumpkin_Terror,240,No,Yes,4.2825326769684
487,8,12,Yes,Pumpkin_Terror,240,No,No,5.56551205051288
488,8,12,Yes,Pumpkin_Terror,420,Yes,Yes,5.32601099025114
489,8,12,Yes,Pumpkin_Terror,420,Yes,No,3.02488151825348
490,8,12,Yes,Pumpkin_Terror,420,No,Yes,4.00023285173517
491,8,12,Yes,Pumpkin_Terror,420,No,No,4.98550590974797
492,8,12,Yes,Prison,120,Yes,Yes,1.86124522100552
493,8,12,Yes,Prison,120,Yes,No,3.52585744801119
494,8,12,Yes,Prison,120,No,Yes,4.29277963765246
495,8,12,Yes,Prison,120,No,No,2.93215076132897
496,8,12,Yes,Prison,240,Yes,Yes,4.72539115350853
497,8,12,Yes,Prison,240,Yes,No,1.86124522100552
498,8,12,Yes,Prison,240,No,Yes,5.73110570606632
499,8,12,Yes,Prison,240,No,No,4.96644941148631
500,8,12,Yes,Prison,420,Yes,Yes,2.4379547781956
501,8,12,Yes,Prison,420,Yes,No,1.86124522100552
502,8,12,Yes,Prison,420,No,Yes,5.39559066633926
503,8,12,Yes,Prison,420,No,No,5.08735394348677
504,8,12,Yes,Zombie Apocalypse,120,Yes,Yes,5.00915204017216
505,8,12,Yes,Zombie Apocalypse,120,Yes,No,1.86124522100552
506,8,12,Yes,Zombie Apocalypse,120,No,Yes,4.76909147708511
507,8,12,Yes,Zombie Apocalypse,120,No,No,2.99190957011265
508,8,12,Yes,Zombie Apocalypse,240,Yes,Yes,1.86124522100552
509,8,12,Yes,Zombie Apocalypse,240,Yes,No,6.25264711354504
510,8,12,Yes,Zombie Apocalypse,240,No,Yes,5.79913589938068
511,8,12,Yes,Zombie Apocalypse,240,No,No,5.11849832086842
512,8,12,Yes,Zombie Apocalypse,420,Yes,Yes,1.86124522100552
513,8,12,Yes,Zombie Apocalypse,420,Yes,No,1.86124522100552
514,8,12,Yes,Zombie Apocalypse,420,No,Yes,5.01503706299721
515,8,12,Yes,Zombie Apocalypse,420,No,No,6.98339595702672
516,8,12,Yes,Vampire,120,Yes,Yes,3.7307708365509
517,8,12,Yes,Vampire,120,Yes,No,3.82142916873306
518,8,12,Yes,Vampire,120,No,Yes,3.88531688319402
519,8,12,Yes,Vampire,120,No,No,5.30510035192799
520,8,12,Yes,Vampire,240,Yes,Yes,4.42359771555823
521,8,12,Yes,Vampire,240,Yes,No,6.36329259594869
522,8,12,Yes,Vampire,240,No,Yes,7.97438611544404
523,8,12,Yes,Vampire,240,No,No,5.98869425029247
524,8,12,Yes,Vampire,420,Yes,Yes,5.83891195198825
525,8,12,Yes,Vampire,420,Yes,No,3.21129329542674
526,8,12,Yes,Vampire,420,No,Yes,6.4897133405578
527,8,12,Yes,Vampire,420,No,No,7.70382197218811
528,8,12,No,Pumpkin_Terror,120,Yes,Yes,2.4379547781956
529,8,12,No,Pumpkin_Terror,120,Yes,No,2.65548137308229
530,8,12,No,Pumpkin_Terror,120,No,Yes,4.45462569053755
531,8,12,No,Pumpkin_Terror,120,No,No,2.21703339290042
532,8,12,No,Pumpkin_Terror,240,Yes,Yes,5.02490936385632
533,8,12,No,Pumpkin_Terror,240,Yes,No,5.36140086059966
534,8,12,No,Pumpkin_Terror,240,No,Yes,2.5394265314987
535,8,12,No,Pumpkin_Terror,240,No,No,5.09379196630916
536,8,12,No,Pumpkin_Terror,420,Yes,Yes,3.37820496839089
537,8,12,No,Pumpkin_Terror,420,Yes,No,1.86124522100552
538,8,12,No,Pumpkin_Terror,420,No,Yes,6.73917685552822
539,8,12,No,Pumpkin_Terror,420,No,No,6.43831514858131
540,8,12,No,Prison,120,Yes,Yes,2.98879624734558
541,8,12,No,Prison,120,Yes,No,1.86124522100552
542,8,12,No,Prison,120,No,Yes,3.92931436627191
543,8,12,No,Prison,120,No,No,5.83414860201082
544,8,12,No,Prison,240,Yes,Yes,2.45999479357834
545,8,12,No,Prison,240,Yes,No,1.86124522100552
546,8,12,No,Prison,240,No,Yes,4.09103910182055
547,8,12,No,Prison,240,No,No,6.199393481793
548,8,12,No,Prison,420,Yes,Yes,2.55053631478574
549,8,12,No,Prison,420,Yes,No,1.86124522100552
550,8,12,No,Prison,420,No,Yes,2.60300717720622
551,8,12,No,Prison,420,No,No,3.72363902119271
552,8,12,No,Zombie Apocalypse,120,Yes,Yes,2.4379547781956
553,8,12,No,Zombie Apocalypse,120,Yes,No,5.0558858566321
554,8,12,No,Zombie Apocalypse,120,No,Yes,5.4988610190544
555,8,12,No,Zombie Apocalypse,120,No,No,5.05235175645215
556,8,12,No,Zombie Apocalypse,240,Yes,Yes,2.19457089476088
557,8,12,No,Zombie Apocalypse,240,Yes,No,5.9887721803467
558,8,12,No,Zombie Apocalypse,240,No,Yes,3.97625109319631
559,8,12,No,Zombie Apocalypse,240,No,No,6.08627722347666
560,8,12,No,Zombie Apocalypse,420,Yes,Yes,1.86124522100552
561,8,12,No,Zombie Apocalypse,420,Yes,No,2.4379547781956
562,8,12,No,Zombie Apocalypse,420,No,Yes,4.50457042024854
563,8,12,No,Zombie Apocalypse,420,No,No,3.73001777079418
564,8,12,No,Vampire,120,Yes,Yes,2.4379547781956
565,8,12,No,Vampire,120,Yes,No,1.86124522100552
566,8,12,No,Vampire,120,No,Yes,8.24126244719544
567,8,12,No,Vampire,120,No,No,6.33279377517559
568,8,12,No,Vampire,240,Yes,Yes,5.65647701776156
569,8,12,No,Vampire,240,Yes,No,2.35084281582959
570,8,12,No,Vampire,240,No,Yes,5.99866256366207
571,8,12,No,Vampire,240,No,No,7.18802268661547
572,8,12,No,Vampire,420,Yes,Yes,2.68392314167692
573,8,12,No,Vampire,420,Yes,No,2.4379547781956
574,8,12,No,Vampire,420,No,Yes,5.05182075281512
575,8,12,No,Vampire,420,No,No,6.67378297713188
576,12,0,Yes,Pumpkin_Terror,120,Yes,Yes,4.25930112831201
577,12,0,Yes,Pumpkin_Terror,120,Yes,No,4.32474432181532
578,12,0,Yes,Pumpkin_Terror,120,No,Yes,9.73684219931063
579,12,0,Yes,Pumpkin_Terror,120,No,No,4.22218823584465
580,12,0,Yes,Pumpkin_Terror,240,Yes,Yes,7.17604863728097
581,12,0,Yes,Pumpkin_Terror,240,Yes,No,4.35106911966229
582,12,0,Yes,Pumpkin_Terror,240,No,Yes,5.6562848520664
583,12,0,Yes,Pumpkin_Terror,240,No,No,5.17462318375666
584,12,0,Yes,Pumpkin_Terror,420,Yes,Yes,3.37887903172513
585,12,0,Yes,Pumpkin_Terror,420,Yes,No,4.65582853112673
586,12,0,Yes,Pumpkin_Terror,420,No,Yes,7.61680386718627
587,12,0,Yes,Pumpkin_Terror,420,No,No,9.89069717526851
588,12,0,Yes,Prison,120,Yes,Yes,4.80175559982288
589,12,0,Yes,Prison,120,Yes,No,3.57618034153935
590,12,0,Yes,Prison,120,No,Yes,7.30832667617699
591,12,0,Yes,Prison,120,No,No,7.38507516578605
592,12,0,Yes,Prison,240,Yes,Yes,2.16494359144189
593,12,0,Yes,Prison,240,Yes,No,4.75728451145792
594,12,0,Yes,Prison,240,No,Yes,4.91454955968947
595,12,0,Yes,Prison,240,No,No,7.79769302423368
596,12,0,Yes,Prison,420,Yes,Yes,4.30327771934573
597,12,0,Yes,Prison,420,Yes,No,4.27631186701965
598,12,0,Yes,Prison,420,No,Yes,8.88938707896776
599,12,0,Yes,Prison,420,No,No,7.58772936699908
600,12,0,Yes,Zombie Apocalypse,120,Yes,Yes,6.77295874756045
601,12,0,Yes,Zombie Apocalypse,120,Yes,No,4.23096883235873
602,12,0,Yes,Zombie Apocalypse,120,No,Yes,5.79378948120461
603,12,0,Yes,Zombie Apocalypse,120,No,No,5.87040496241411
604,12,0,Yes,Zombie Apocalypse,240,Yes,Yes,6.25007579545526
605,12,0,Yes,Zombie Apocalypse,240,Yes,No,8.60997828532114
606,12,0,Yes,Zombie Apocalypse,240,No,Yes,9.62919645352181
607,12,0,Yes,Zombie Apocalypse,240,No,No,8.9705310214213
608,12,0,Yes,Zombie Apocalypse,420,Yes,Yes,7.41518173600732
609,12,0,Yes,Zombie Apocalypse,420,Yes,No,8.02313581409473
610,12,0,Yes,Zombie Apocalypse,420,No,Yes,5.89902558435851
611,12,0,Yes,Zombie Apocalypse,420,No,No,7.70168300634433
612,12,0,Yes,Vampire,120,Yes,Yes,3.12081341407172
613,12,0,Yes,Vampire,120,Yes,No,5.8713420383316
614,12,0,Yes,Vampire,120,No,Yes,7.40271332190805
615,12,0,Yes,Vampire,120,No,No,5.17462318375666
616,12,0,Yes,Vampire,240,Yes,Yes,5.3181342428319
617,12,0,Yes,Vampire,240,Yes,No,5.22870073594502
618,12,0,Yes,Vampire,240,No,Yes,8.81425137438434
619,12,0,Yes,Vampire,240,No,No,9.75957585596822
620,12,0,Yes,Vampire,420,Yes,Yes,5.14041617999418
621,12,0,Yes,Vampire,420,Yes,No,3.74990515690557
622,12,0,Yes,Vampire,420,No,Yes,5.17462318375666
623,12,0,Yes,Vampire,420,No,No,8.61167479574817
624,12,0,No,Pumpkin_Terror,120,Yes,Yes,1.86124522100552
625,12,0,No,Pumpkin_Terror,120,Yes,No,2.60233062704129
626,12,0,No,Pumpkin_Terror,120,No,Yes,5.22362923565438
627,12,0,No,Pumpkin_Terror,120,No,No,6.3029299217002
628,12,0,No,Pumpkin_Terror,240,Yes,Yes,3.58441445047567
629,12,0,No,Pumpkin_Terror,240,Yes,No,3.4747611039703
630,12,0,No,Pumpkin_Terror,240,No,Yes,8.37000180686924
631,12,0,No,Pumpkin_Terror,240,No,No,7.14139535567206
632,12,0,No,Pumpkin_Terror,420,Yes,Yes,2.09210992434301
633,12,0,No,Pumpkin_Terror,420,Yes,No,1.86124522100552
634,12,0,No,Pumpkin_Terror,420,No,Yes,4.83486175856579
635,12,0,No,Pumpkin_Terror,420,No,No,5.17889287066192
636,12,0,No,Prison,120,Yes,Yes,3.00545084124769
637,12,0,No,Prison,120,Yes,No,2.38180732123064
638,12,0,No,Prison,120,No,Yes,6.97276793698266
639,12,0,No,Prison,120,No,No,4.99906283043516
640,12,0,No,Prison,240,Yes,Yes,2.70477161497729
641,12,0,No,Prison,240,Yes,No,1.86124522100552
642,12,0,No,Prison,240,No,Yes,5.93658543401845
643,12,0,No,Prison,240,No,No,8.32345036431287
644,12,0,No,Prison,420,Yes,Yes,1.86124522100552
645,12,0,No,Prison,420,Yes,No,1.86124522100552
646,12,0,No,Prison,420,No,Yes,5.06424523664997
647,12,0,No,Prison,420,No,No,7.95628409267467
648,12,0,No,Zombie Apocalypse,120,Yes,Yes,1.86124522100552
649,12,0,No,Zombie Apocalypse,120,Yes,No,1.86124522100552
650,12,0,No,Zombie Apocalypse,120,No,Yes,4.07113394889259
651,12,0,No,Zombie Apocalypse,120,No,No,6.73829773848533
652,12,0,No,Zombie Apocalypse,240,Yes,Yes,2.66094010483094
653,12,0,No,Zombie Apocalypse,240,Yes,No,5.29376505931668
654,12,0,No,Zombie Apocalypse,240,No,Yes,4.84901380508724
655,12,0,No,Zombie Apocalypse,240,No,No,8.29907329834859
656,12,0,No,Zombie Apocalypse,420,Yes,Yes,4.17477148836633
657,12,0,No,Zombie Apocalypse,420,Yes,No,2.03851150908889
658,12,0,No,Zombie Apocalypse,420,No,Yes,5.75937899433146
659,12,0,No,Zombie Apocalypse,420,No,No,5.87020824565442
660,12,0,No,Vampire,120,Yes,Yes,3.35840231719783
661,12,0,No,Vampire,120,Yes,No,4.53522406698577
662,12,0,No,Vampire,120,No,Yes,6.87971843717212
663,12,0,No,Vampire,120,No,No,6.57095002229219
664,12,0,No,Vampire,240,Yes,Yes,2.45901706328638
665,12,0,No,Vampire,240,Yes,No,7.42972933425247
666,12,0,No,Vampire,240,No,Yes,6.20991412788227
667,12,0,No,Vampire,240,No,No,9.96012096932615
668,12,0,No,Vampire,420,Yes,Yes,2.08607675932049
669,12,0,No,Vampire,420,Yes,No,5.01548863112515
670,12,0,No,Vampire,420,No,Yes,4.51278456325117
671,12,0,No,Vampire,420,No,No,6.43386932962839
672,12,7,Yes,Pumpkin_Terror,120,Yes,Yes,3.49865507385906
673,12,7,Yes,Pumpkin_Terror,120,Yes,No,5.26427752806414
674,12,7,Yes,Pumpkin_Terror,120,No,Yes,4.51177475933138
675,12,7,Yes,Pumpkin_Terror,120,No,No,3.75358084926136
676,12,7,Yes,Pumpkin_Terror,240,Yes,Yes,4.77220613921949
677,12,7,Yes,Pumpkin_Terror,240,Yes,No,4.09329969370125
678,12,7,Yes,Pumpkin_Terror,240,No,Yes,7.42909022573692
679,12,7,Yes,Pumpkin_Terror,240,No,No,8.52971910247725
680,12,7,Yes,Pumpkin_Terror,420,Yes,Yes,2.39281936144135
681,12,7,Yes,Pumpkin_Terror,420,Yes,No,1.86124522100552
682,12,7,Yes,Pumpkin_Terror,420,No,Yes,5.4653013477109
683,12,7,Yes,Pumpkin_Terror,420,No,No,7.89841506022022
684,12,7,Yes,Prison,120,Yes,Yes,3.83922685408947
685,12,7,Yes,Prison,120,Yes,No,6.07603108857669
686,12,7,Yes,Prison,120,No,Yes,5.22772172497791
687,12,7,Yes,Prison,120,No,No,6.65487904551481
688,12,7,Yes,Prison,240,Yes,Yes,1.86124522100552
689,12,7,Yes,Prison,240,Yes,No,5.3163105619971
690,12,7,Yes,Prison,240,No,Yes,6.40208461828423
691,12,7,Yes,Prison,240,No,No,7.94917847721834
692,12,7,Yes,Prison,420,Yes,Yes,3.21522319343972
693,12,7,Yes,Prison,420,Yes,No,1.86124522100552
694,12,7,Yes,Prison,420,No,Yes,5.65389248295098
695,12,7,Yes,Prison,420,No,No,6.28974922327942
696,12,7,Yes,Zombie Apocalypse,120,Yes,Yes,2.56963919668419
697,12,7,Yes,Zombie Apocalypse,120,Yes,No,4.97680241165029
698,12,7,Yes,Zombie Apocalypse,120,No,Yes,5.21910578483979
699,12,7,Yes,Zombie Apocalypse,120,No,No,6.9731579795015
700,12,7,Yes,Zombie Apocalypse,240,Yes,Yes,4.95370680336068
701,12,7,Yes,Zombie Apocalypse,240,Yes,No,6.98454672003735
702,12,7,Yes,Zombie Apocalypse,240,No,Yes,9.25269862271177
703,12,7,Yes,Zombie Apocalypse,240,No,No,8.3286757453252
704,12,7,Yes,Zombie Apocalypse,420,Yes,Yes,2.59633903896417
705,12,7,Yes,Zombie Apocalypse,420,Yes,No,6.39567076529543
706,12,7,Yes,Zombie Apocalypse,420,No,Yes,8.06168269515651
707,12,7,Yes,Zombie Apocalypse,420,No,No,7.42972640092654
708,12,7,Yes,Vampire,120,Yes,Yes,5.18469677510217
709,12,7,Yes,Vampire,120,Yes,No,3.93986665817627
710,12,7,Yes,Vampire,120,No,Yes,6.65263532651836
711,12,7,Yes,Vampire,120,No,No,9.4724503057165
712,12,7,Yes,Vampire,240,Yes,Yes,3.81895694696486
713,12,7,Yes,Vampire,240,Yes,No,5.6975679487355
714,12,7,Yes,Vampire,240,No,Yes,7.48234812376905
715,12,7,Yes,Vampire,240,No,No,8.13014500217385
716,12,7,Yes,Vampire,420,Yes,Yes,1.86124522100552
717,12,7,Yes,Vampire,420,Yes,No,5.62239785742456
718,12,7,Yes,Vampire,420,No,Yes,4.28643998192753
719,12,7,Yes,Vampire,420,No,No,8.69871131128401
720,12,7,No,Pumpkin_Terror,120,Yes,Yes,2.27139548761007
721,12,7,No,Pumpkin_Terror,120,Yes,No,1.86124522100552
722,12,7,No,Pumpkin_Terror,120,No,Yes,5.11779009006093
723,12,7,No,Pumpkin_Terror,120,No,No,5.71303937093319
724,12,7,No,Pumpkin_Terror,240,Yes,Yes,5.29167267307315
725,12,7,No,Pumpkin_Terror,240,Yes,No,5.8553676028138
726,12,7,No,Pumpkin_Terror,240,No,Yes,5.84898707060004
727,12,7,No,Pumpkin_Terror,240,No,No,8.14621021477935
728,12,7,No,Pumpkin_Terror,420,Yes,Yes,3.95899320950155
729,12,7,No,Pumpkin_Terror,420,Yes,No,3.50349899112842
730,12,7,No,Pumpkin_Terror,420,No,Yes,3.86945051202879
731,12,7,No,Pumpkin_Terror,420,No,No,6.62672569456289
732,12,7,No,Prison,120,Yes,Yes,1.86124522100552
733,12,7,No,Prison,120,Yes,No,3.25939379348764
734,12,7,No,Prison,120,No,Yes,6.28622284965652
735,12,7,No,Prison,120,No,No,3.33016567898309
736,12,7,No,Prison,240,Yes,Yes,4.25408073857469
737,12,7,No,Prison,240,Yes,No,3.09233325645176
738,12,7,No,Prison,240,No,Yes,6.25717060033743
739,12,7,No,Prison,240,No,No,6.59517599059116
740,12,7,No,Prison,420,Yes,Yes,2.21978890183581
741,12,7,No,Prison,420,Yes,No,3.76654403214527
742,12,7,No,Prison,420,No,Yes,4.89950378626901
743,12,7,No,Prison,420,No,No,6.16584033774204
744,12,7,No,Zombie Apocalypse,120,Yes,Yes,1.86124522100552
745,12,7,No,Zombie Apocalypse,120,Yes,No,2.90285168477058
746,12,7,No,Zombie Apocalypse,120,No,Yes,2.35186007269547
747,12,7,No,Zombie Apocalypse,120,No,No,3.93756745571511
748,12,7,No,Zombie Apocalypse,240,Yes,Yes,2.47631823130379
749,12,7,No,Zombie Apocalypse,240,Yes,No,4.43659842872586
750,12,7,No,Zombie Apocalypse,240,No,Yes,7.66764160642016
751,12,7,No,Zombie Apocalypse,240,No,No,8.18917767743775
752,12,7,No,Zombie Apocalypse,420,Yes,Yes,2.6776342098388
753,12,7,No,Zombie Apocalypse,420,Yes,No,1.86124522100552
754,12,7,No,Zombie Apocalypse,420,No,Yes,6.91202805285406
755,12,7,No,Zombie Apocalypse,420,No,No,1.86124522100552
756,12,7,No,Vampire,120,Yes,Yes,7.01077389036158
757,12,7,No,Vampire,120,Yes,No,5.19716461216744
758,12,7,No,Vampire,120,No,Yes,8.29869491816794
759,12,7,No,Vampire,120,No,No,6.62532632703712
760,12,7,No,Vampire,240,Yes,Yes,1.86124522100552
761,12,7,No,Vampire,240,Yes,No,6.42808929521278
762,12,7,No,Vampire,240,No,Yes,6.35983657705918
763,12,7,No,Vampire,240,No,No,4.83131787490024
764,12,7,No,Vampire,420,Yes,Yes,1.86124522100552
765,12,7,No,Vampire,420,Yes,No,3.24416882488843
766,12,7,No,Vampire,420,No,Yes,3.35435880208796
767,12,7,No,Vampire,420,No,No,5.58054448128843
768,12,12,Yes,Pumpkin_Terror,120,Yes,Yes,2.49952917943725
769,12,12,Yes,Pumpkin_Terror,120,Yes,No,2.71703077355991
770,12,12,Yes,Pumpkin_Terror,120,No,Yes,5.56085258510426
771,12,12,Yes,Pumpkin_Terror,120,No,No,5.29062059715576
772,12,12,Yes,Pumpkin_Terror,240,Yes,Yes,4.89390290874841
773,12,12,Yes,Pumpkin_Terror,240,Yes,No,2.11571807561353
774,12,12,Yes,Pumpkin_Terror,240,No,Yes,7.03313910576704
775,12,12,Yes,Pumpkin_Terror,240,No,No,7.80150198022603
776,12,12,Yes,Pumpkin_Terror,420,Yes,Yes,1.86124522100552
777,12,12,Yes,Pumpkin_Terror,420,Yes,No,5.30336598689076
778,12,12,Yes,Pumpkin_Terror,420,No,Yes,5.5509240008937
779,12,12,Yes,Pumpkin_Terror,420,No,No,5.73297856995302
780,12,12,Yes,Prison,120,Yes,Yes,2.93952346679835
781,12,12,Yes,Prison,120,Yes,No,2.86204935487687
782,12,12,Yes,Prison,120,No,Yes,7.12638401846106
783,12,12,Yes,Prison,120,No,No,5.05354840723528
784,12,12,Yes,Prison,240,Yes,Yes,4.55212205274165
785,12,12,Yes,Prison,240,Yes,No,5.06791902429349
786,12,12,Yes,Prison,240,No,Yes,6.66150513097916
787,12,12,Yes,Prison,240,No,No,7.03238574030309
788,12,12,Yes,Prison,420,Yes,Yes,2.12572501471934
789,12,12,Yes,Prison,420,Yes,No,4.76549790297183
790,12,12,Yes,Prison,420,No,Yes,5.78189324098212
791,12,12,Yes,Prison,420,No,No,4.97372691415188
792,12,12,Yes,Zombie Apocalypse,120,Yes,Yes,5.86780613089272
793,12,12,Yes,Zombie Apocalypse,120,Yes,No,1.86124522100552
794,12,12,Yes,Zombie Apocalypse,120,No,Yes,6.51817583630963
795,12,12,Yes,Zombie Apocalypse,120,No,No,8.54685268799132
796,12,12,Yes,Zombie Apocalypse,240,Yes,Yes,2.2612100210024
797,12,12,Yes,Zombie Apocalypse,240,Yes,No,4.75138525804464
798,12,12,Yes,Zombie Apocalypse,240,No,Yes,8.67879780152891
799,12,12,Yes,Zombie Apocalypse,240,No,No,8.71406288062545
800,12,12,Yes,Zombie Apocalypse,420,Yes,Yes,2.90098989161327
801,12,12,Yes,Zombie Apocalypse,420,Yes,No,2.38027864341978
802,12,12,Yes,Zombie Apocalypse,420,No,Yes,3.57601082837471
803,12,12,Yes,Zombie Apocalypse,420,No,No,5.80967811692188
804,12,12,Yes,Vampire,120,Yes,Yes,3.60702208348462
805,12,12,Yes,Vampire,120,Yes,No,2.4232831509053
806,12,12,Yes,Vampire,120,No,Yes,8.86787700643078
807,12,12,Yes,Vampire,120,No,No,7.98531836838161
808,12,12,Yes,Vampire,240,Yes,Yes,4.06515613788057
809,12,12,Yes,Vampire,240,Yes,No,1.86124522100552
810,12,12,Yes,Vampire,240,No,Yes,7.62602968829846
811,12,12,Yes,Vampire,240,No,No,6.58550630060754
812,12,12,Yes,Vampire,420,Yes,Yes,5.52350976572704
813,12,12,Yes,Vampire,420,Yes,No,5.7856412513584
814,12,12,Yes,Vampire,420,No,Yes,7.96646099237517
815,12,12,Yes,Vampire,420,No,No,6.98076009284254
816,12,12,No,Pumpkin_Terror,120,Yes,Yes,4.24214500605386
817,12,12,No,Pumpkin_Terror,120,Yes,No,3.73536510509983
818,12,12,No,Pumpkin_Terror,120,No,Yes,4.77675952370408
819,12,12,No,Pumpkin_Terror,120,No,No,3.81280366264506
820,12,12,No,Pumpkin_Terror,240,Yes,Yes,1.86124522100552
821,12,12,No,Pumpkin_Terror,240,Yes,No,1.86124522100552
822,12,12,No,Pumpkin_Terror,240,No,Yes,5.75299336309237
823,12,12,No,Pumpkin_Terror,240,No,No,2.66347914313164
824,12,12,No,Pumpkin_Terror,420,Yes,Yes,4.14437440043337
825,12,12,No,Pumpkin_Terror,420,Yes,No,3.63434635998082
826,12,12,No,Pumpkin_Terror,420,No,Yes,4.75195615179276
827,12,12,No,Pumpkin_Terror,420,No,No,5.8315463220535
828,12,12,No,Prison,120,Yes,Yes,1.86124522100552
829,12,12,No,Prison,120,Yes,No,1.86124522100552
830,12,12,No,Prison,120,No,Yes,2.52958720811406
831,12,12,No,Prison,120,No,No,6.35000336921736
832,12,12,No,Prison,240,Yes,Yes,5.05562989420838
833,12,12,No,Prison,240,Yes,No,5.23680658622358
834,12,12,No,Prison,240,No,Yes,3.62630374489591
835,12,12,No,Prison,240,No,No,6.7251228045411
836,12,12,No,Prison,420,Yes,Yes,5.32795712359193
837,12,12,No,Prison,420,Yes,No,2.6442881102932
838,12,12,No,Prison,420,No,Yes,6.65361171479528
839,12,12,No,Prison,420,No,No,3.99014106772337
840,12,12,No,Zombie Apocalypse,120,Yes,Yes,2.06279486823838
841,12,12,No,Zombie Apocalypse,120,Yes,No,1.86124522100552
842,12,12,No,Zombie Apocalypse,120,No,Yes,2.63707012235687
843,12,12,No,Zombie Apocalypse,120,No,No,3.48233474226235
844,12,12,No,Zombie Apocalypse,240,Yes,Yes,1.86124522100552
845,12,12,No,Zombie Apocalypse,240,Yes,No,1.86124522100552
846,12,12,No,Zombie Apocalypse,240,No,Yes,3.31390647623969
847,12,12,No,Zombie Apocalypse,240,No,No,4.66309242662052
848,12,12,No,Zombie Apocalypse,420,Yes,Yes,3.11454718070995
849,12,12,No,Zombie Apocalypse,420,Yes,No,2.4379547781956
850,12,12,No,Zombie Apocalypse,420,No,Yes,7.57876259979463
851,12,12,No,Zombie Apocalypse,420,No,No,4.96225519558269
852,12,12,No,Vampire,120,Yes,Yes,3.11897542983485
853,12,12,No,Vampire,120,Yes,No,6.59404359032003
854,12,12,No,Vampire,120,No,Yes,6.97491991432358
855,12,12,No,Vampire,120,No,No,7.57014832118566
856,12,12,No,Vampire,240,Yes,Yes,4.15867888765759
857,12,12,No,Vampire,240,Yes,No,4.92418866481439
858,12,12,No,Vampire,240,No,Yes,7.51425874366781
859,12,12,No,Vampire,240,No,No,7.13188648045408
860,12,12,No,Vampire,420,Yes,Yes,3.41627107187154
861,12,12,No,Vampire,420,Yes,No,1.86124522100552
862,12,12,No,Vampire,420,No,Yes,3.88611170173045
863,12,12,No,Vampire,420,No,No,6.72712035683372
